MOBILE_NUM_ID,X_COORD,Y_COORD,DT_MIN,TRAVEL_ID
h003738_78739,126.51485161185798,33.52369788317285,2023-08-29 12:35,h_h003738
