MOBILE_NUM_ID,X_COORD,Y_COORD,DT_MIN,TRAVEL_ID
e003624_73125,126.54287293508084,33.52488380245974,2023-08-15 19:28,e_e003624
