MOBILE_NUM_ID,X_COORD,Y_COORD,DT_MIN,TRAVEL_ID
h001675_76414,126.53748094399516,33.536202762706054,2023-08-18 21:26,h_h001675
