MOBILE_NUM_ID,X_COORD,Y_COORD,DT_MIN,TRAVEL_ID
g005458_79003,126.27145800331512,33.4287668266721,2023-08-15 12:20,g_g005458
