MOBILE_NUM_ID,X_COORD,Y_COORD,DT_MIN,TRAVEL_ID
e002444_93855,126.51417466380086,33.52328157128565,2023-09-10 21:37,e_e002444
