MOBILE_NUM_ID,X_COORD,Y_COORD,DT_MIN,TRAVEL_ID
g000216_208968,126.3236574,33.9899822,2023-09-05 10:56,g_g000216
