MOBILE_NUM_ID,X_COORD,Y_COORD,DT_MIN,TRAVEL_ID
h003827_78739,126.52640979808852,33.422174397330416,2023-08-31 20:17,h_h003827
