MOBILE_NUM_ID,X_COORD,Y_COORD,DT_MIN,TRAVEL_ID
h002659_73125,126.54287293508084,33.52488380245974,2023-08-15 19:28,h_h002659
