MOBILE_NUM_ID,X_COORD,Y_COORD,DT_MIN,TRAVEL_ID
h003871_79003,126.27145800331512,33.4287668266721,2023-08-15 12:20,h_h003871
