MOBILE_NUM_ID,X_COORD,Y_COORD,DT_MIN,TRAVEL_ID
h001873_68155,126.50768720810314,33.52092360108299,2023-07-05 09:06,h_h001873
