MOBILE_NUM_ID,X_COORD,Y_COORD,DT_MIN,TRAVEL_ID
h002659_73125,126.54414326829892,33.52438388063913,2023-08-15 19:26,h_h002659
