epoch,jaccard,levenshtein,end_reach,n_samples,ckpt
50,0.3241105631342324,34.966748768472904,0.42980295566502463,812,model_epoch_50.pth
100,0.3390206949963325,41.3743842364532,0.30295566502463056,812,model_epoch_100.pth
150,0.3559231126071348,37.65886699507389,0.3694581280788177,812,model_epoch_150.pth
200,0.3612483186822972,36.95073891625616,0.3817733990147783,812,model_epoch_200.pth
250,0.35816981932128283,37.16748768472906,0.37807881773399016,812,model_epoch_250.pth
