epoch,jaccard,levenshtein,end_reach,n_samples,ckpt
50,0.2073792902476855,52.11229946524064,0.26737967914438504,374,model_epoch_50.pth
100,0.2228533323006688,56.86363636363637,0.17914438502673796,374,model_epoch_100.pth
150,0.24494817029215044,53.1524064171123,0.23796791443850268,374,model_epoch_150.pth
200,0.25733818888300863,51.07486631016043,0.2727272727272727,374,model_epoch_200.pth
250,0.24981469101771775,51.50802139037433,0.26737967914438504,374,model_epoch_250.pth
300,0.25319337670015263,51.598930481283425,0.2647058823529412,374,model_epoch_300.pth
350,0.26214641842110775,51.01336898395722,0.2727272727272727,374,model_epoch_350.pth
400,0.2730114019122731,51.09090909090909,0.2700534759358289,374,model_epoch_400.pth
450,0.28888842620896055,49.962566844919785,0.28609625668449196,374,model_epoch_450.pth
